Titre_annonce,mois_annee,Revenus,Charges,Solde_mensuel
Appartement Madoumier T4,07/2024,906.16,755,151.15999999999997
Appartement Madoumier T4,08/2024,597.6800000000001,997,-399.31999999999994
Cosy Appart - Plage à 2min - Casino à 1min,07/2024,373.07,1378,-1004.9300000000001
Cosy Appart - Plage à 2min - Casino à 1min,08/2024,1516.38,1548,-31.61999999999989
