Titre_annonce,mois_annee,Revenus,Charges,Solde_mensuel
Appartement Madoumier T4,07/2024,1079.63,755,324.6300000000001
Appartement Madoumier T4,08/2024,722.1800000000001,997,-274.81999999999994
Cosy Appart - Plage à 2min - Casino à 1min,07/2024,1663.965,1378,285.9649999999999
Cosy Appart - Plage à 2min - Casino à 1min,08/2024,2442.7695000000003,1548,894.7695000000003
Cosy Appart - Plage à 2min - Casino à 1min,09/2024,832.9,1145,-312.1
